20250124, 1, Pythonプログラミング, 503, 土手
20250124, 2, 企業活動とビジネスマナー, 501, 篠崎
20250124, 3, H/R, 503, 片山

20250127, 1, 大学科目研究Ⅲ, 403, 片山
20250127, 2, キャリアデザインⅢ, 504, 片山
20250127, 3, Pythonプログラミング, 503, 土手
20250128, 2, Pythonプログラミング, 503, 土手
20250128, 3, Linuxサーバ構築, 504, 片山
20250129, 1, 週国対, 101, 片山
20250129, 2, 企業活動とビジネスマナー, 501, 篠崎
20250129, 3, Linuxサーバ構築, 504, 片山
20250130, 2, キャリアデザインⅢ, 502, 片山
20250130, 3, スマホアプリ開発, 304, 西村
20250130, 4, スマホアプリ開発, 304, 西村
20250131, 1, クラスレク, -, -

20250203, 1, 大学科目研究Ⅲ, 403, 片山
20250203, 2, キャリアデザインⅢ, 504, 片山
20250203, 3, Pythonプログラミング, 503, 土手
20250204, 2, Pythonプログラミング, 503, 土手
20250204, 3, Linuxサーバ構築, 504, 片山
20250205, 1, 週国対, 101, 片山
20250205, 2, 企業活動とビジネスマナー, 501, 篠崎
20250205, 3, Linuxサーバ構築, 504, 片山
20250206, 2, キャリアデザインⅢ, 502, 片山
20250206, 3, スマホアプリ開発, 304, 西村
20250206, 4, スマホアプリ開発, 304, 西村
20250207, 1, Pythonプログラミング, 503, 土手
20250207, 2, 大学科目研究Ⅲ, 401, 片山
20250207, 3, H/R, 503, 片山
